canonical_rule_id,rule_id,dataset_version,model_family,model,step1_mode,source_run_dir,acc,ci_lo,ci_hi,n_contexts,n_items,parse_fail_rate,is_changed_rule,expected_rebuild_outcome,observed_delta_vs_original,observed_outcome_label
all_words_longer_than_3,all_words_longer_than_3_deconfounded,deconfounded,open_weights,Qwen2.5-7B-Instruct,full,results/deconfound-sweep/qwen-step1-20260614T171204Z,0.5527777777777777,0.501128323264124,0.6033127707309583,3,360,0.0,True,HOLD/moderate with measured short-token residual.,,
all_words_longer_than_3,all_words_longer_than_3_deconfounded,deconfounded,anthropic,claude-opus-4-8,full,results/cross_family/claude-deconfounded-step1-20260614T171204Z.jsonl,0.5625,0.5102778206389604,0.6133727515732317,3,360,0.022222222222222223,True,HOLD/moderate with measured short-token residual.,,
all_words_longer_than_3,all_words_longer_than_3_deconfounded,deconfounded,deepseek,deepseek-v4-flash,confirmation,results/deconfound-sweep/step1-confirmation-deepseek-v4-flash-20260614T165115Z,0.6233333333333334,0.5433333333333333,0.7033333333333333,3,300,0.0,True,HOLD/moderate with measured short-token residual.,,
all_words_longer_than_3,all_words_longer_than_3_deconfounded,deconfounded,deepseek,deepseek-v4-flash,full,results/deconfound-sweep/step1-full-deepseek-v4-flash-20260614T164416Z,0.5611111111111111,0.48888888888888893,0.6306249999999991,3,360,0.0,True,HOLD/moderate with measured short-token residual.,,
all_words_longer_than_3,all_words_longer_than_3_deconfounded,deconfounded,deepseek,deepseek-v4-flash,rule_given,results/deconfound-sweep/step1-rule_given-deepseek-v4-flash-20260614T165820Z,0.525,,,1,120,0.0,True,HOLD/moderate with measured short-token residual.,,
all_words_longer_than_3,all_words_longer_than_3_deconfounded,deconfounded,openai,gpt-4.1,confirmation,results/deconfound-sweep/step1-confirmation-gpt-4.1-20260614T165115Z,0.6266666666666666,0.56,0.6900000000000001,3,300,0.0,True,HOLD/moderate with measured short-token residual.,,
all_words_longer_than_3,all_words_longer_than_3_deconfounded,deconfounded,openai,gpt-4.1,full,results/deconfound-sweep/step1-full-gpt-4.1-20260614T164416Z,0.5694444444444445,0.5111111111111111,0.6305555555555555,3,360,0.0,True,HOLD/moderate with measured short-token residual.,-0.0972222222222221,MODERATE_DROP
all_words_longer_than_3,all_words_longer_than_3_deconfounded,deconfounded,openai,gpt-4.1,rule_given,results/deconfound-sweep/step1-rule_given-gpt-4.1-20260614T165820Z,0.6333333333333333,,,1,120,0.0,True,HOLD/moderate with measured short-token residual.,-0.01666666666666672,HOLD
all_words_longer_than_3,all_words_longer_than_3,original,openai,gpt-4.1,full,results/step1-full-gpt-4.1-20260611T000748Z,0.6666666666666666,0.6083333333333334,0.7222222222222223,3,360,0.0,True,HOLD/moderate with measured short-token residual.,,
all_words_longer_than_3,all_words_longer_than_3,original,openai,gpt-4.1,rule_given,results/step1-rule_given-gpt-4.1-20260611T002539Z,0.65,,,1,120,0.0,True,HOLD/moderate with measured short-token residual.,,
all_words_longer_than_3,all_words_longer_than_3_deconfounded,deconfounded,openai,gpt-4.1-mini,confirmation,results/deconfound-sweep/step1-confirmation-gpt-4.1-mini-20260614T165115Z,0.5933333333333334,0.5233333333333333,0.6600833333333321,3,300,0.0,True,HOLD/moderate with measured short-token residual.,,
all_words_longer_than_3,all_words_longer_than_3_deconfounded,deconfounded,openai,gpt-4.1-mini,full,results/deconfound-sweep/step1-full-gpt-4.1-mini-20260614T164416Z,0.5416666666666666,0.47222222222222215,0.6111111111111112,3,360,0.0,True,HOLD/moderate with measured short-token residual.,-0.019444444444444375,HOLD
all_words_longer_than_3,all_words_longer_than_3_deconfounded,deconfounded,openai,gpt-4.1-mini,rule_given,results/deconfound-sweep/step1-rule_given-gpt-4.1-mini-20260614T165819Z,0.7,,,1,120,0.0,True,HOLD/moderate with measured short-token residual.,-0.04166666666666674,HOLD
all_words_longer_than_3,all_words_longer_than_3,original,openai,gpt-4.1-mini,full,results/step1-full-gpt-4.1-mini-20260611T001640Z,0.561111111111111,0.5111111111111111,0.6138888888888888,3,360,0.0,True,HOLD/moderate with measured short-token residual.,,
all_words_longer_than_3,all_words_longer_than_3,original,openai,gpt-4.1-mini,rule_given,results/step1-rule_given-gpt-4.1-mini-20260611T002808Z,0.7416666666666667,,,1,120,0.0,True,HOLD/moderate with measured short-token residual.,,
contains_first_name,contains_first_name_deconfounded,deconfounded,open_weights,Qwen2.5-7B-Instruct,full,results/deconfound-sweep/qwen-step1-20260614T171204Z,0.6527777777777778,0.6022190573150905,0.7001104253022532,3,360,0.0,True,DROP/moderate expected because proper-token identity was a strong shortcut.,,
contains_first_name,contains_first_name_deconfounded,deconfounded,anthropic,claude-opus-4-8,full,results/cross_family/claude-deconfounded-step1-20260614T171204Z.jsonl,0.9777777777777777,0.9567691737312188,0.988697571908474,3,360,0.0,True,DROP/moderate expected because proper-token identity was a strong shortcut.,,
contains_first_name,contains_first_name_deconfounded,deconfounded,deepseek,deepseek-v4-flash,confirmation,results/deconfound-sweep/step1-confirmation-deepseek-v4-flash-20260614T165115Z,0.9433333333333334,0.91,0.9733333333333333,3,300,0.0,True,DROP/moderate expected because proper-token identity was a strong shortcut.,,
contains_first_name,contains_first_name_deconfounded,deconfounded,deepseek,deepseek-v4-flash,full,results/deconfound-sweep/step1-full-deepseek-v4-flash-20260614T164416Z,0.9444444444444443,0.9166666666666666,0.9694444444444444,3,360,0.0,True,DROP/moderate expected because proper-token identity was a strong shortcut.,,
contains_first_name,contains_first_name_deconfounded,deconfounded,deepseek,deepseek-v4-flash,rule_given,results/deconfound-sweep/step1-rule_given-deepseek-v4-flash-20260614T165820Z,1.0,,,1,120,0.0,True,DROP/moderate expected because proper-token identity was a strong shortcut.,,
contains_first_name,contains_first_name_deconfounded,deconfounded,openai,gpt-4.1,confirmation,results/deconfound-sweep/step1-confirmation-gpt-4.1-20260614T165115Z,1.0,1.0,1.0,3,300,0.0,True,DROP/moderate expected because proper-token identity was a strong shortcut.,0.013333333333333308,HOLD
contains_first_name,contains_first_name_deconfounded,deconfounded,openai,gpt-4.1,full,results/deconfound-sweep/step1-full-gpt-4.1-20260614T164416Z,0.975,0.9527777777777778,0.9916666666666667,3,360,0.0,True,DROP/moderate expected because proper-token identity was a strong shortcut.,-0.01666666666666672,HOLD
contains_first_name,contains_first_name_deconfounded,deconfounded,openai,gpt-4.1,rule_given,results/deconfound-sweep/step1-rule_given-gpt-4.1-20260614T165820Z,0.975,,,1,120,0.0,True,DROP/moderate expected because proper-token identity was a strong shortcut.,-0.008333333333333304,HOLD
contains_first_name,contains_first_name,original,openai,gpt-4.1,confirmation,results/step1-confirmation-gpt-4.1-20260611T003204Z,0.9866666666666667,0.9700000000000001,1.0,3,300,0.0,True,DROP/moderate expected because proper-token identity was a strong shortcut.,,
contains_first_name,contains_first_name,original,openai,gpt-4.1,full,results/step1-full-gpt-4.1-20260611T000748Z,0.9916666666666667,0.9777777777777779,1.0,3,360,0.0,True,DROP/moderate expected because proper-token identity was a strong shortcut.,,
contains_first_name,contains_first_name,original,openai,gpt-4.1,rule_given,results/step1-rule_given-gpt-4.1-20260611T002539Z,0.9833333333333333,,,1,120,0.0,True,DROP/moderate expected because proper-token identity was a strong shortcut.,,
contains_first_name,contains_first_name_deconfounded,deconfounded,openai,gpt-4.1-mini,confirmation,results/deconfound-sweep/step1-confirmation-gpt-4.1-mini-20260614T165115Z,0.9666666666666667,0.94,0.9899999999999999,3,300,0.0,True,DROP/moderate expected because proper-token identity was a strong shortcut.,-0.023333333333333206,HOLD
contains_first_name,contains_first_name_deconfounded,deconfounded,openai,gpt-4.1-mini,full,results/deconfound-sweep/step1-full-gpt-4.1-mini-20260614T164416Z,0.9527777777777778,0.9222222222222222,0.9805555555555556,3,360,0.0,True,DROP/moderate expected because proper-token identity was a strong shortcut.,-0.03888888888888886,HOLD
contains_first_name,contains_first_name_deconfounded,deconfounded,openai,gpt-4.1-mini,rule_given,results/deconfound-sweep/step1-rule_given-gpt-4.1-mini-20260614T165819Z,0.975,,,1,120,0.0,True,DROP/moderate expected because proper-token identity was a strong shortcut.,-0.01666666666666672,HOLD
contains_first_name,contains_first_name,original,openai,gpt-4.1-mini,confirmation,results/step1-confirmation-gpt-4.1-mini-20260611T003508Z,0.9899999999999999,0.9766666666666666,1.0,3,300,0.0,True,DROP/moderate expected because proper-token identity was a strong shortcut.,,
contains_first_name,contains_first_name,original,openai,gpt-4.1-mini,full,results/step1-full-gpt-4.1-mini-20260611T001640Z,0.9916666666666667,0.9777777777777779,1.0,3,360,0.0,True,DROP/moderate expected because proper-token identity was a strong shortcut.,,
contains_first_name,contains_first_name,original,openai,gpt-4.1-mini,rule_given,results/step1-rule_given-gpt-4.1-mini-20260611T002808Z,0.9916666666666667,,,1,120,0.0,True,DROP/moderate expected because proper-token identity was a strong shortcut.,,
even_word_count,even_word_count_deconfounded,deconfounded,open_weights,Qwen2.5-7B-Instruct,full,results/deconfound-sweep/qwen-step1-20260614T171204Z,0.5388888888888889,0.48725608214335964,0.5897005134319642,3,360,0.0,True,DROP expected; parity without CoT is hard.,,
even_word_count,even_word_count_deconfounded,deconfounded,anthropic,claude-opus-4-8,full,results/cross_family/claude-deconfounded-step1-20260614T171204Z.jsonl,0.5482866043613707,0.4935938330039953,0.601837335519082,3,360,0.10833333333333334,True,DROP expected; parity without CoT is hard.,,
even_word_count,even_word_count_deconfounded,deconfounded,deepseek,deepseek-v4-flash,confirmation,results/deconfound-sweep/step1-confirmation-deepseek-v4-flash-20260614T165115Z,0.5133333333333333,0.4466666666666666,0.58,3,300,0.0,True,DROP expected; parity without CoT is hard.,,
even_word_count,even_word_count_deconfounded,deconfounded,deepseek,deepseek-v4-flash,full,results/deconfound-sweep/step1-full-deepseek-v4-flash-20260614T164416Z,0.5416666666666666,0.48055555555555557,0.6027777777777777,3,360,0.0,True,DROP expected; parity without CoT is hard.,,
even_word_count,even_word_count_deconfounded,deconfounded,deepseek,deepseek-v4-flash,rule_given,results/deconfound-sweep/step1-rule_given-deepseek-v4-flash-20260614T165820Z,0.5,,,1,120,0.0,True,DROP expected; parity without CoT is hard.,,
even_word_count,even_word_count_deconfounded,deconfounded,openai,gpt-4.1,confirmation,results/deconfound-sweep/step1-confirmation-gpt-4.1-20260614T165115Z,0.5,0.4466666666666666,0.5533333333333333,3,300,0.0,True,DROP expected; parity without CoT is hard.,,
even_word_count,even_word_count_deconfounded,deconfounded,openai,gpt-4.1,full,results/deconfound-sweep/step1-full-gpt-4.1-20260614T164416Z,0.5472222222222222,0.49444444444444446,0.6000000000000001,3,360,0.0,True,DROP expected; parity without CoT is hard.,-0.26388888888888906,DROP
even_word_count,even_word_count_deconfounded,deconfounded,openai,gpt-4.1,rule_given,results/deconfound-sweep/step1-rule_given-gpt-4.1-20260614T165820Z,0.48333333333333334,,,1,120,0.0,True,DROP expected; parity without CoT is hard.,-0.016666666666666663,HOLD
even_word_count,even_word_count,original,openai,gpt-4.1,full,results/step1-full-gpt-4.1-20260611T000748Z,0.8111111111111112,0.763888888888889,0.8555555555555555,3,360,0.0,True,DROP expected; parity without CoT is hard.,,
even_word_count,even_word_count,original,openai,gpt-4.1,rule_given,results/step1-rule_given-gpt-4.1-20260611T002539Z,0.5,,,1,120,0.0,True,DROP expected; parity without CoT is hard.,,
even_word_count,even_word_count_deconfounded,deconfounded,openai,gpt-4.1-mini,confirmation,results/deconfound-sweep/step1-confirmation-gpt-4.1-mini-20260614T165115Z,0.48333333333333334,0.43,0.5333333333333333,3,300,0.0,True,DROP expected; parity without CoT is hard.,,
even_word_count,even_word_count_deconfounded,deconfounded,openai,gpt-4.1-mini,full,results/deconfound-sweep/step1-full-gpt-4.1-mini-20260614T164416Z,0.5305555555555556,0.4861111111111111,0.5750000000000001,3,360,0.0,True,DROP expected; parity without CoT is hard.,-0.047222222222222276,HOLD
even_word_count,even_word_count_deconfounded,deconfounded,openai,gpt-4.1-mini,rule_given,results/deconfound-sweep/step1-rule_given-gpt-4.1-mini-20260614T165819Z,0.3333333333333333,,,1,120,0.0,True,DROP expected; parity without CoT is hard.,-0.16666666666666669,DROP
even_word_count,even_word_count,original,openai,gpt-4.1-mini,full,results/step1-full-gpt-4.1-mini-20260611T001640Z,0.5777777777777778,0.5111111111111111,0.6416666666666667,3,360,0.0,True,DROP expected; parity without CoT is hard.,,
even_word_count,even_word_count,original,openai,gpt-4.1-mini,rule_given,results/step1-rule_given-gpt-4.1-mini-20260611T002808Z,0.5,,,1,120,0.0,True,DROP expected; parity without CoT is hard.,,
first_two_words_alphabetical,first_two_words_alphabetical_deconfounded,deconfounded,open_weights,Qwen2.5-7B-Instruct,full,results/deconfound-sweep/qwen-step1-20260614T171204Z,0.46388888888888885,0.41302669640146544,0.5155136077071624,3,360,0.0,True,Moderate DROP; vocabulary skew was found.,,
first_two_words_alphabetical,first_two_words_alphabetical_deconfounded,deconfounded,anthropic,claude-opus-4-8,full,results/cross_family/claude-deconfounded-step1-20260614T171204Z.jsonl,0.50997150997151,0.45785013272800257,0.5618769871617203,3,360,0.025,True,Moderate DROP; vocabulary skew was found.,,
first_two_words_alphabetical,first_two_words_alphabetical_deconfounded,deconfounded,deepseek,deepseek-v4-flash,confirmation,results/deconfound-sweep/step1-confirmation-deepseek-v4-flash-20260614T165115Z,0.5366666666666666,0.47333333333333333,0.6,3,300,0.0,True,Moderate DROP; vocabulary skew was found.,,
first_two_words_alphabetical,first_two_words_alphabetical_deconfounded,deconfounded,deepseek,deepseek-v4-flash,full,results/deconfound-sweep/step1-full-deepseek-v4-flash-20260614T164416Z,0.4666666666666666,0.4083333333333334,0.525,3,360,0.0,True,Moderate DROP; vocabulary skew was found.,,
first_two_words_alphabetical,first_two_words_alphabetical_deconfounded,deconfounded,deepseek,deepseek-v4-flash,rule_given,results/deconfound-sweep/step1-rule_given-deepseek-v4-flash-20260614T165820Z,0.49166666666666664,,,1,120,0.0,True,Moderate DROP; vocabulary skew was found.,,
first_two_words_alphabetical,first_two_words_alphabetical_deconfounded,deconfounded,openai,gpt-4.1,confirmation,results/deconfound-sweep/step1-confirmation-gpt-4.1-20260614T165115Z,0.5066666666666667,0.4533333333333333,0.56,3,300,0.0,True,Moderate DROP; vocabulary skew was found.,,
first_two_words_alphabetical,first_two_words_alphabetical_deconfounded,deconfounded,openai,gpt-4.1,full,results/deconfound-sweep/step1-full-gpt-4.1-20260614T164416Z,0.48333333333333334,0.4305555555555555,0.5361111111111111,3,360,0.0,True,Moderate DROP; vocabulary skew was found.,-0.06388888888888883,MODERATE_DROP
first_two_words_alphabetical,first_two_words_alphabetical_deconfounded,deconfounded,openai,gpt-4.1,rule_given,results/deconfound-sweep/step1-rule_given-gpt-4.1-20260614T165820Z,0.55,,,1,120,0.0,True,Moderate DROP; vocabulary skew was found.,-0.05833333333333324,MODERATE_DROP
first_two_words_alphabetical,first_two_words_alphabetical,original,openai,gpt-4.1,full,results/step1-full-gpt-4.1-20260611T000748Z,0.5472222222222222,0.4861111111111111,0.6055555555555556,3,360,0.0,True,Moderate DROP; vocabulary skew was found.,,
first_two_words_alphabetical,first_two_words_alphabetical,original,openai,gpt-4.1,rule_given,results/step1-rule_given-gpt-4.1-20260611T002539Z,0.6083333333333333,,,1,120,0.0,True,Moderate DROP; vocabulary skew was found.,,
first_two_words_alphabetical,first_two_words_alphabetical_deconfounded,deconfounded,openai,gpt-4.1-mini,confirmation,results/deconfound-sweep/step1-confirmation-gpt-4.1-mini-20260614T165115Z,0.5533333333333333,0.49333333333333335,0.6166666666666667,3,300,0.0,True,Moderate DROP; vocabulary skew was found.,,
first_two_words_alphabetical,first_two_words_alphabetical_deconfounded,deconfounded,openai,gpt-4.1-mini,full,results/deconfound-sweep/step1-full-gpt-4.1-mini-20260614T164416Z,0.5222222222222223,0.4666666666666666,0.5777777777777778,3,360,0.0,True,Moderate DROP; vocabulary skew was found.,-0.016666666666666607,HOLD
first_two_words_alphabetical,first_two_words_alphabetical_deconfounded,deconfounded,openai,gpt-4.1-mini,rule_given,results/deconfound-sweep/step1-rule_given-gpt-4.1-mini-20260614T165819Z,0.5,,,1,120,0.0,True,Moderate DROP; vocabulary skew was found.,-0.008333333333333304,HOLD
first_two_words_alphabetical,first_two_words_alphabetical,original,openai,gpt-4.1-mini,full,results/step1-full-gpt-4.1-mini-20260611T001640Z,0.5388888888888889,0.4833333333333334,0.5916666666666667,3,360,0.0,True,Moderate DROP; vocabulary skew was found.,,
first_two_words_alphabetical,first_two_words_alphabetical,original,openai,gpt-4.1-mini,rule_given,results/step1-rule_given-gpt-4.1-mini-20260611T002808Z,0.5083333333333333,,,1,120,0.0,True,Moderate DROP; vocabulary skew was found.,,
first_word_longer_than_last,first_word_longer_than_last_deconfounded,deconfounded,open_weights,Qwen2.5-7B-Instruct,full,results/deconfound-sweep/qwen-step1-20260614T171204Z,0.5194444444444445,0.4679013995225557,0.5705768982651064,3,360,0.0,True,Moderate DROP; scalar first/last length components remain intended.,,
first_word_longer_than_last,first_word_longer_than_last_deconfounded,deconfounded,anthropic,claude-opus-4-8,full,results/cross_family/claude-deconfounded-step1-20260614T171204Z.jsonl,0.5791044776119403,0.5256327464293933,0.6307825877049287,3,360,0.06944444444444445,True,Moderate DROP; scalar first/last length components remain intended.,,
first_word_longer_than_last,first_word_longer_than_last_deconfounded,deconfounded,deepseek,deepseek-v4-flash,confirmation,results/deconfound-sweep/step1-confirmation-deepseek-v4-flash-20260614T165115Z,0.5466666666666667,0.4766666666666666,0.6133333333333334,3,300,0.0,True,Moderate DROP; scalar first/last length components remain intended.,,
first_word_longer_than_last,first_word_longer_than_last_deconfounded,deconfounded,deepseek,deepseek-v4-flash,full,results/deconfound-sweep/step1-full-deepseek-v4-flash-20260614T164416Z,0.5222222222222223,0.4666666666666666,0.5777777777777778,3,360,0.0,True,Moderate DROP; scalar first/last length components remain intended.,,
first_word_longer_than_last,first_word_longer_than_last_deconfounded,deconfounded,deepseek,deepseek-v4-flash,rule_given,results/deconfound-sweep/step1-rule_given-deepseek-v4-flash-20260614T165820Z,0.5083333333333333,,,1,120,0.0,True,Moderate DROP; scalar first/last length components remain intended.,,
first_word_longer_than_last,first_word_longer_than_last_deconfounded,deconfounded,openai,gpt-4.1,confirmation,results/deconfound-sweep/step1-confirmation-gpt-4.1-20260614T165115Z,0.5866666666666667,0.52,0.6533333333333333,3,300,0.0,True,Moderate DROP; scalar first/last length components remain intended.,,
first_word_longer_than_last,first_word_longer_than_last_deconfounded,deconfounded,openai,gpt-4.1,full,results/deconfound-sweep/step1-full-gpt-4.1-20260614T164416Z,0.6111111111111112,0.5472222222222222,0.6722222222222222,3,360,0.0,True,Moderate DROP; scalar first/last length components remain intended.,0.019444444444444486,HOLD
first_word_longer_than_last,first_word_longer_than_last_deconfounded,deconfounded,openai,gpt-4.1,rule_given,results/deconfound-sweep/step1-rule_given-gpt-4.1-20260614T165820Z,0.48333333333333334,,,1,120,0.0,True,Moderate DROP; scalar first/last length components remain intended.,-0.041666666666666685,HOLD
first_word_longer_than_last,first_word_longer_than_last,original,openai,gpt-4.1,full,results/step1-full-gpt-4.1-20260611T000748Z,0.5916666666666667,0.5277777777777777,0.6555555555555556,3,360,0.0,True,Moderate DROP; scalar first/last length components remain intended.,,
first_word_longer_than_last,first_word_longer_than_last,original,openai,gpt-4.1,rule_given,results/step1-rule_given-gpt-4.1-20260611T002539Z,0.525,,,1,120,0.0,True,Moderate DROP; scalar first/last length components remain intended.,,
first_word_longer_than_last,first_word_longer_than_last_deconfounded,deconfounded,openai,gpt-4.1-mini,confirmation,results/deconfound-sweep/step1-confirmation-gpt-4.1-mini-20260614T165115Z,0.52,0.45999999999999996,0.5766666666666667,3,300,0.0,True,Moderate DROP; scalar first/last length components remain intended.,,
first_word_longer_than_last,first_word_longer_than_last_deconfounded,deconfounded,openai,gpt-4.1-mini,full,results/deconfound-sweep/step1-full-gpt-4.1-mini-20260614T164416Z,0.5416666666666666,0.4861111111111111,0.5972222222222222,3,360,0.0,True,Moderate DROP; scalar first/last length components remain intended.,0.008333333333333304,HOLD
first_word_longer_than_last,first_word_longer_than_last_deconfounded,deconfounded,openai,gpt-4.1-mini,rule_given,results/deconfound-sweep/step1-rule_given-gpt-4.1-mini-20260614T165819Z,0.5416666666666666,,,1,120,0.0,True,Moderate DROP; scalar first/last length components remain intended.,0.05833333333333329,GAIN
first_word_longer_than_last,first_word_longer_than_last,original,openai,gpt-4.1-mini,full,results/step1-full-gpt-4.1-mini-20260611T001640Z,0.5333333333333333,0.47500000000000003,0.5916666666666667,3,360,0.0,True,Moderate DROP; scalar first/last length components remain intended.,,
first_word_longer_than_last,first_word_longer_than_last,original,openai,gpt-4.1-mini,rule_given,results/step1-rule_given-gpt-4.1-mini-20260611T002808Z,0.48333333333333334,,,1,120,0.0,True,Moderate DROP; scalar first/last length components remain intended.,,
food_topic,food_topic_deconfounded,deconfounded,open_weights,Qwen2.5-7B-Instruct,full,results/deconfound-sweep/qwen-step1-20260614T171204Z,0.6749999999999999,0.6249902431500496,0.7213144369389077,3,360,0.0,True,DROP likely if keyword list was load-bearing; HOLD if topic abstraction survives.,0.0527777777777777,GAIN
food_topic,food_topic,original,open_weights,Qwen2.5-7B-Instruct,full,results,0.6222222222222222,0.5710974644349645,0.6707661216589105,3,360,0.0,True,DROP likely if keyword list was load-bearing; HOLD if topic abstraction survives.,,
food_topic,food_topic_deconfounded,deconfounded,anthropic,claude-opus-4-8,full,results/cross_family/claude-deconfounded-step1-20260614T171204Z.jsonl,0.9916666666666667,0.9757892964950321,0.9971619475644193,3,360,0.0,True,DROP likely if keyword list was load-bearing; HOLD if topic abstraction survives.,,
food_topic,food_topic_deconfounded,deconfounded,deepseek,deepseek-v4-flash,confirmation,results/deconfound-sweep/step1-confirmation-deepseek-v4-flash-20260614T165115Z,0.7033333333333333,0.6533333333333333,0.7533333333333333,3,300,0.0,True,DROP likely if keyword list was load-bearing; HOLD if topic abstraction survives.,,
food_topic,food_topic_deconfounded,deconfounded,deepseek,deepseek-v4-flash,full,results/deconfound-sweep/step1-full-deepseek-v4-flash-20260614T164416Z,0.6972222222222223,0.65,0.7417361111111102,3,360,0.0,True,DROP likely if keyword list was load-bearing; HOLD if topic abstraction survives.,,
food_topic,food_topic_deconfounded,deconfounded,deepseek,deepseek-v4-flash,rule_given,results/deconfound-sweep/step1-rule_given-deepseek-v4-flash-20260614T165820Z,0.65,,,1,120,0.0,True,DROP likely if keyword list was load-bearing; HOLD if topic abstraction survives.,,
food_topic,food_topic_deconfounded,deconfounded,openai,gpt-4.1,confirmation,results/deconfound-sweep/step1-confirmation-gpt-4.1-20260614T165115Z,0.8766666666666666,0.8366666666666666,0.9133333333333334,3,300,0.0,True,DROP likely if keyword list was load-bearing; HOLD if topic abstraction survives.,-0.1200000000000001,MODERATE_DROP
food_topic,food_topic_deconfounded,deconfounded,openai,gpt-4.1,full,results/deconfound-sweep/step1-full-gpt-4.1-20260614T164416Z,0.8583333333333334,0.8166666666666668,0.8972222222222223,3,360,0.0,True,DROP likely if keyword list was load-bearing; HOLD if topic abstraction survives.,-0.1416666666666666,MODERATE_DROP
food_topic,food_topic_deconfounded,deconfounded,openai,gpt-4.1,rule_given,results/deconfound-sweep/step1-rule_given-gpt-4.1-20260614T165820Z,1.0,,,1,120,0.0,True,DROP likely if keyword list was load-bearing; HOLD if topic abstraction survives.,0.0,HOLD
food_topic,food_topic,original,openai,gpt-4.1,confirmation,results/step1-confirmation-gpt-4.1-20260611T003204Z,0.9966666666666667,0.9899999999999999,1.0,3,300,0.0,True,DROP likely if keyword list was load-bearing; HOLD if topic abstraction survives.,,
food_topic,food_topic,original,openai,gpt-4.1,full,results/step1-full-gpt-4.1-20260611T000748Z,1.0,1.0,1.0,3,360,0.0,True,DROP likely if keyword list was load-bearing; HOLD if topic abstraction survives.,,
food_topic,food_topic,original,openai,gpt-4.1,rule_given,results/step1-rule_given-gpt-4.1-20260611T002539Z,1.0,,,1,120,0.0,True,DROP likely if keyword list was load-bearing; HOLD if topic abstraction survives.,,
food_topic,food_topic_deconfounded,deconfounded,openai,gpt-4.1-mini,confirmation,results/deconfound-sweep/step1-confirmation-gpt-4.1-mini-20260614T165115Z,0.6866666666666666,0.6166666666666667,0.7533333333333333,3,300,0.0,True,DROP likely if keyword list was load-bearing; HOLD if topic abstraction survives.,-0.31000000000000005,DROP
food_topic,food_topic_deconfounded,deconfounded,openai,gpt-4.1-mini,full,results/deconfound-sweep/step1-full-gpt-4.1-mini-20260614T164416Z,0.6583333333333333,0.5888888888888889,0.725,3,360,0.0,True,DROP likely if keyword list was load-bearing; HOLD if topic abstraction survives.,-0.3388888888888889,DROP
food_topic,food_topic_deconfounded,deconfounded,openai,gpt-4.1-mini,rule_given,results/deconfound-sweep/step1-rule_given-gpt-4.1-mini-20260614T165819Z,1.0,,,1,120,0.0,True,DROP likely if keyword list was load-bearing; HOLD if topic abstraction survives.,0.0,HOLD
food_topic,food_topic,original,openai,gpt-4.1-mini,confirmation,results/step1-confirmation-gpt-4.1-mini-20260611T003508Z,0.9966666666666667,0.9899999999999999,1.0,3,300,0.0,True,DROP likely if keyword list was load-bearing; HOLD if topic abstraction survives.,,
food_topic,food_topic,original,openai,gpt-4.1-mini,full,results/step1-full-gpt-4.1-mini-20260611T001640Z,0.9972222222222222,0.9916666666666667,1.0,3,360,0.0,True,DROP likely if keyword list was load-bearing; HOLD if topic abstraction survives.,,
food_topic,food_topic,original,openai,gpt-4.1-mini,rule_given,results/step1-rule_given-gpt-4.1-mini-20260611T002808Z,1.0,,,1,120,0.0,True,DROP likely if keyword list was load-bearing; HOLD if topic abstraction survives.,,
last_word_ends_with_vowel,last_word_ends_with_vowel_deconfounded,deconfounded,open_weights,Qwen2.5-7B-Instruct,full,results/deconfound-sweep/qwen-step1-20260614T171204Z,0.48333333333333334,0.432161346819527,0.5348572550767627,3,360,0.0,True,HOLD or moderate DROP; intrinsic final-letter signal remains legitimate.,,
last_word_ends_with_vowel,last_word_ends_with_vowel_deconfounded,deconfounded,anthropic,claude-opus-4-8,full,results/cross_family/claude-deconfounded-step1-20260614T171204Z.jsonl,0.49266862170087977,0.43998331788240214,0.5455172654375409,3,360,0.05277777777777778,True,HOLD or moderate DROP; intrinsic final-letter signal remains legitimate.,,
last_word_ends_with_vowel,last_word_ends_with_vowel_deconfounded,deconfounded,deepseek,deepseek-v4-flash,confirmation,results/deconfound-sweep/step1-confirmation-deepseek-v4-flash-20260614T165115Z,0.5066666666666667,0.44,0.57,3,300,0.0,True,HOLD or moderate DROP; intrinsic final-letter signal remains legitimate.,,
last_word_ends_with_vowel,last_word_ends_with_vowel_deconfounded,deconfounded,deepseek,deepseek-v4-flash,full,results/deconfound-sweep/step1-full-deepseek-v4-flash-20260614T164416Z,0.4694444444444444,0.4055555555555556,0.5361111111111111,3,360,0.0,True,HOLD or moderate DROP; intrinsic final-letter signal remains legitimate.,,
last_word_ends_with_vowel,last_word_ends_with_vowel_deconfounded,deconfounded,deepseek,deepseek-v4-flash,rule_given,results/deconfound-sweep/step1-rule_given-deepseek-v4-flash-20260614T165820Z,0.5916666666666667,,,1,120,0.0,True,HOLD or moderate DROP; intrinsic final-letter signal remains legitimate.,,
last_word_ends_with_vowel,last_word_ends_with_vowel_deconfounded,deconfounded,openai,gpt-4.1,confirmation,results/deconfound-sweep/step1-confirmation-gpt-4.1-20260614T165115Z,0.5366666666666666,0.45999999999999996,0.6133333333333333,3,300,0.0,True,HOLD or moderate DROP; intrinsic final-letter signal remains legitimate.,,
last_word_ends_with_vowel,last_word_ends_with_vowel_deconfounded,deconfounded,openai,gpt-4.1,full,results/deconfound-sweep/step1-full-gpt-4.1-20260614T164416Z,0.48333333333333334,0.4138888888888889,0.5527777777777778,3,360,0.0,True,HOLD or moderate DROP; intrinsic final-letter signal remains legitimate.,-0.21666666666666673,DROP
last_word_ends_with_vowel,last_word_ends_with_vowel_deconfounded,deconfounded,openai,gpt-4.1,rule_given,results/deconfound-sweep/step1-rule_given-gpt-4.1-20260614T165820Z,0.725,,,1,120,0.0,True,HOLD or moderate DROP; intrinsic final-letter signal remains legitimate.,-0.09166666666666667,MODERATE_DROP
last_word_ends_with_vowel,last_word_ends_with_vowel,original,openai,gpt-4.1,full,results/step1-full-gpt-4.1-20260611T000748Z,0.7000000000000001,0.6444444444444445,0.7527777777777778,3,360,0.0,True,HOLD or moderate DROP; intrinsic final-letter signal remains legitimate.,,
last_word_ends_with_vowel,last_word_ends_with_vowel,original,openai,gpt-4.1,rule_given,results/step1-rule_given-gpt-4.1-20260611T002539Z,0.8166666666666667,,,1,120,0.0,True,HOLD or moderate DROP; intrinsic final-letter signal remains legitimate.,,
last_word_ends_with_vowel,last_word_ends_with_vowel_deconfounded,deconfounded,openai,gpt-4.1-mini,confirmation,results/deconfound-sweep/step1-confirmation-gpt-4.1-mini-20260614T165115Z,0.5466666666666667,0.48333333333333334,0.6133333333333333,3,300,0.0,True,HOLD or moderate DROP; intrinsic final-letter signal remains legitimate.,,
last_word_ends_with_vowel,last_word_ends_with_vowel_deconfounded,deconfounded,openai,gpt-4.1-mini,full,results/deconfound-sweep/step1-full-gpt-4.1-mini-20260614T164416Z,0.5111111111111112,0.45555555555555555,0.5666666666666668,3,360,0.0,True,HOLD or moderate DROP; intrinsic final-letter signal remains legitimate.,-0.13611111111111107,MODERATE_DROP
last_word_ends_with_vowel,last_word_ends_with_vowel_deconfounded,deconfounded,openai,gpt-4.1-mini,rule_given,results/deconfound-sweep/step1-rule_given-gpt-4.1-mini-20260614T165819Z,0.6583333333333333,,,1,120,0.0,True,HOLD or moderate DROP; intrinsic final-letter signal remains legitimate.,0.0,HOLD
last_word_ends_with_vowel,last_word_ends_with_vowel,original,openai,gpt-4.1-mini,full,results/step1-full-gpt-4.1-mini-20260611T001640Z,0.6472222222222223,0.5972222222222222,0.6944444444444445,3,360,0.0,True,HOLD or moderate DROP; intrinsic final-letter signal remains legitimate.,,
last_word_ends_with_vowel,last_word_ends_with_vowel,original,openai,gpt-4.1-mini,rule_given,results/step1-rule_given-gpt-4.1-mini-20260611T002808Z,0.6583333333333333,,,1,120,0.0,True,HOLD or moderate DROP; intrinsic final-letter signal remains legitimate.,,
mentions_animal,mentions_animal_deconfounded,deconfounded,open_weights,Qwen2.5-7B-Instruct,full,results/deconfound-sweep/qwen-step1-20260614T171204Z,0.6888888888888888,0.639283766838361,0.7345054116703548,3,360,0.0,True,DROP/moderate for memorization; possible HOLD if animal category generalizes.,-0.03055555555555567,HOLD
mentions_animal,mentions_animal,original,open_weights,Qwen2.5-7B-Instruct,full,results,0.7194444444444444,0.6709057901868718,0.7633492848453127,3,360,0.0,True,DROP/moderate for memorization; possible HOLD if animal category generalizes.,,
mentions_animal,mentions_animal_deconfounded,deconfounded,anthropic,claude-opus-4-8,full,results/cross_family/claude-deconfounded-step1-20260614T171204Z.jsonl,1.0,0.9894419431113063,0.9999999999999999,3,360,0.0,True,DROP/moderate for memorization; possible HOLD if animal category generalizes.,,
mentions_animal,mentions_animal_deconfounded,deconfounded,deepseek,deepseek-v4-flash,confirmation,results/deconfound-sweep/step1-confirmation-deepseek-v4-flash-20260614T165115Z,0.88,0.8366666666666666,0.92,3,300,0.0,True,DROP/moderate for memorization; possible HOLD if animal category generalizes.,,
mentions_animal,mentions_animal_deconfounded,deconfounded,deepseek,deepseek-v4-flash,full,results/deconfound-sweep/step1-full-deepseek-v4-flash-20260614T164416Z,0.9138888888888889,0.8805555555555555,0.9444444444444445,3,360,0.0,True,DROP/moderate for memorization; possible HOLD if animal category generalizes.,,
mentions_animal,mentions_animal_deconfounded,deconfounded,deepseek,deepseek-v4-flash,rule_given,results/deconfound-sweep/step1-rule_given-deepseek-v4-flash-20260614T165820Z,0.9666666666666667,,,1,120,0.0,True,DROP/moderate for memorization; possible HOLD if animal category generalizes.,,
mentions_animal,mentions_animal_deconfounded,deconfounded,openai,gpt-4.1,confirmation,results/deconfound-sweep/step1-confirmation-gpt-4.1-20260614T165115Z,0.98,0.96,0.9966666666666667,3,300,0.0,True,DROP/moderate for memorization; possible HOLD if animal category generalizes.,-0.013333333333333308,HOLD
mentions_animal,mentions_animal_deconfounded,deconfounded,openai,gpt-4.1,full,results/deconfound-sweep/step1-full-gpt-4.1-20260614T164416Z,0.9777777777777779,0.9583333333333334,0.9916666666666667,3,360,0.0,True,DROP/moderate for memorization; possible HOLD if animal category generalizes.,-0.008333333333333304,HOLD
mentions_animal,mentions_animal_deconfounded,deconfounded,openai,gpt-4.1,rule_given,results/deconfound-sweep/step1-rule_given-gpt-4.1-20260614T165820Z,1.0,,,1,120,0.0,True,DROP/moderate for memorization; possible HOLD if animal category generalizes.,0.0,HOLD
mentions_animal,mentions_animal,original,openai,gpt-4.1,confirmation,results/step1-confirmation-gpt-4.1-20260611T003204Z,0.9933333333333333,0.9833333333333334,1.0,3,300,0.0,True,DROP/moderate for memorization; possible HOLD if animal category generalizes.,,
mentions_animal,mentions_animal,original,openai,gpt-4.1,full,results/step1-full-gpt-4.1-20260611T000748Z,0.9861111111111112,0.9722222222222222,0.9972222222222222,3,360,0.0,True,DROP/moderate for memorization; possible HOLD if animal category generalizes.,,
mentions_animal,mentions_animal,original,openai,gpt-4.1,pilot,results/step1-pilot-gpt-4.1-20260611T000121Z,0.975,,,1,40,0.0,True,DROP/moderate for memorization; possible HOLD if animal category generalizes.,,
mentions_animal,mentions_animal,original,openai,gpt-4.1,rule_given,results/step1-rule_given-gpt-4.1-20260611T002539Z,1.0,,,1,120,0.0,True,DROP/moderate for memorization; possible HOLD if animal category generalizes.,,
mentions_animal,mentions_animal_deconfounded,deconfounded,openai,gpt-4.1-mini,confirmation,results/deconfound-sweep/step1-confirmation-gpt-4.1-mini-20260614T165115Z,0.9566666666666667,0.93,0.98,3,300,0.0,True,DROP/moderate for memorization; possible HOLD if animal category generalizes.,-0.030000000000000027,HOLD
mentions_animal,mentions_animal_deconfounded,deconfounded,openai,gpt-4.1-mini,full,results/deconfound-sweep/step1-full-gpt-4.1-mini-20260614T164416Z,0.9638888888888889,0.9388888888888888,0.9861111111111112,3,360,0.0,True,DROP/moderate for memorization; possible HOLD if animal category generalizes.,-0.008333333333333304,HOLD
mentions_animal,mentions_animal_deconfounded,deconfounded,openai,gpt-4.1-mini,rule_given,results/deconfound-sweep/step1-rule_given-gpt-4.1-mini-20260614T165819Z,1.0,,,1,120,0.0,True,DROP/moderate for memorization; possible HOLD if animal category generalizes.,0.0,HOLD
mentions_animal,mentions_animal,original,openai,gpt-4.1-mini,confirmation,results/step1-confirmation-gpt-4.1-mini-20260611T003508Z,0.9866666666666667,0.9733333333333333,0.9966666666666667,3,300,0.0,True,DROP/moderate for memorization; possible HOLD if animal category generalizes.,,
mentions_animal,mentions_animal,original,openai,gpt-4.1-mini,full,results/step1-full-gpt-4.1-mini-20260611T001640Z,0.9722222222222222,0.9555555555555556,0.9888888888888889,3,360,0.0,True,DROP/moderate for memorization; possible HOLD if animal category generalizes.,,
mentions_animal,mentions_animal,original,openai,gpt-4.1-mini,pilot,results/step1-pilot-gpt-4.1-mini-20260611T000601Z,1.0,,,1,40,0.0,True,DROP/moderate for memorization; possible HOLD if animal category generalizes.,,
mentions_animal,mentions_animal,original,openai,gpt-4.1-mini,rule_given,results/step1-rule_given-gpt-4.1-mini-20260611T002808Z,1.0,,,1,120,0.0,True,DROP/moderate for memorization; possible HOLD if animal category generalizes.,,
mentions_color,mentions_color_deconfounded,deconfounded,open_weights,Qwen2.5-7B-Instruct,full,results/deconfound-sweep/qwen-step1-20260614T171204Z,0.7111111111111111,0.6622567455385565,0.7555076304417728,3,360,0.0,True,DROP/moderate if memorization was load-bearing; HOLD if semantic category abstracts.,,
mentions_color,mentions_color_deconfounded,deconfounded,anthropic,claude-opus-4-8,full,results/cross_family/claude-deconfounded-step1-20260614T171204Z.jsonl,0.9083333333333333,0.8740606285153463,0.933983625025554,3,360,0.0,True,DROP/moderate if memorization was load-bearing; HOLD if semantic category abstracts.,,
mentions_color,mentions_color_deconfounded,deconfounded,deepseek,deepseek-v4-flash,confirmation,results/deconfound-sweep/step1-confirmation-deepseek-v4-flash-20260614T165115Z,0.9166666666666666,0.8833333333333333,0.9466666666666668,3,300,0.0,True,DROP/moderate if memorization was load-bearing; HOLD if semantic category abstracts.,,
mentions_color,mentions_color_deconfounded,deconfounded,deepseek,deepseek-v4-flash,full,results/deconfound-sweep/step1-full-deepseek-v4-flash-20260614T164416Z,0.9138888888888889,0.883263888888889,0.9416666666666668,3,360,0.0,True,DROP/moderate if memorization was load-bearing; HOLD if semantic category abstracts.,,
mentions_color,mentions_color_deconfounded,deconfounded,deepseek,deepseek-v4-flash,rule_given,results/deconfound-sweep/step1-rule_given-deepseek-v4-flash-20260614T165820Z,1.0,,,1,120,0.0,True,DROP/moderate if memorization was load-bearing; HOLD if semantic category abstracts.,,
mentions_color,mentions_color_deconfounded,deconfounded,openai,gpt-4.1,confirmation,results/deconfound-sweep/step1-confirmation-gpt-4.1-20260614T165115Z,0.7633333333333333,0.7133333333333333,0.8133333333333334,3,300,0.0,True,DROP/moderate if memorization was load-bearing; HOLD if semantic category abstracts.,0.0033333333333331883,HOLD
mentions_color,mentions_color_deconfounded,deconfounded,openai,gpt-4.1,full,results/deconfound-sweep/step1-full-gpt-4.1-20260614T164416Z,0.7805555555555556,0.7305555555555556,0.8277777777777778,3,360,0.0,True,DROP/moderate if memorization was load-bearing; HOLD if semantic category abstracts.,0.10000000000000009,GAIN
mentions_color,mentions_color_deconfounded,deconfounded,openai,gpt-4.1,rule_given,results/deconfound-sweep/step1-rule_given-gpt-4.1-20260614T165820Z,1.0,,,1,120,0.0,True,DROP/moderate if memorization was load-bearing; HOLD if semantic category abstracts.,0.0,HOLD
mentions_color,mentions_color,original,openai,gpt-4.1,confirmation,results/step1-confirmation-gpt-4.1-20260611T003204Z,0.7600000000000001,0.6933333333333334,0.8233333333333333,3,300,0.0,True,DROP/moderate if memorization was load-bearing; HOLD if semantic category abstracts.,,
mentions_color,mentions_color,original,openai,gpt-4.1,full,results/step1-full-gpt-4.1-20260611T000748Z,0.6805555555555555,0.6166666666666666,0.7444444444444445,3,360,0.0,True,DROP/moderate if memorization was load-bearing; HOLD if semantic category abstracts.,,
mentions_color,mentions_color,original,openai,gpt-4.1,rule_given,results/step1-rule_given-gpt-4.1-20260611T002539Z,1.0,,,1,120,0.0,True,DROP/moderate if memorization was load-bearing; HOLD if semantic category abstracts.,,
mentions_color,mentions_color_deconfounded,deconfounded,openai,gpt-4.1-mini,confirmation,results/deconfound-sweep/step1-confirmation-gpt-4.1-mini-20260614T165115Z,0.8733333333333334,0.8333333333333334,0.91,3,300,0.0,True,DROP/moderate if memorization was load-bearing; HOLD if semantic category abstracts.,-0.036666666666666625,HOLD
mentions_color,mentions_color_deconfounded,deconfounded,openai,gpt-4.1-mini,full,results/deconfound-sweep/step1-full-gpt-4.1-mini-20260614T164416Z,0.7999999999999999,0.75,0.8472222222222222,3,360,0.0,True,DROP/moderate if memorization was load-bearing; HOLD if semantic category abstracts.,-0.13888888888888884,MODERATE_DROP
mentions_color,mentions_color_deconfounded,deconfounded,openai,gpt-4.1-mini,rule_given,results/deconfound-sweep/step1-rule_given-gpt-4.1-mini-20260614T165819Z,1.0,,,1,120,0.0,True,DROP/moderate if memorization was load-bearing; HOLD if semantic category abstracts.,0.0,HOLD
mentions_color,mentions_color,original,openai,gpt-4.1-mini,confirmation,results/step1-confirmation-gpt-4.1-mini-20260611T003508Z,0.91,0.8733333333333334,0.9433333333333334,3,300,0.0,True,DROP/moderate if memorization was load-bearing; HOLD if semantic category abstracts.,,
mentions_color,mentions_color,original,openai,gpt-4.1-mini,full,results/step1-full-gpt-4.1-mini-20260611T001640Z,0.9388888888888888,0.9111111111111111,0.9638888888888889,3,360,0.0,True,DROP/moderate if memorization was load-bearing; HOLD if semantic category abstracts.,,
mentions_color,mentions_color,original,openai,gpt-4.1-mini,rule_given,results/step1-rule_given-gpt-4.1-mini-20260611T002808Z,1.0,,,1,120,0.0,True,DROP/moderate if memorization was load-bearing; HOLD if semantic category abstracts.,,
passive_voice,passive_voice_deconfounded,deconfounded,open_weights,Qwen2.5-7B-Instruct,full,results/deconfound-sweep/qwen-step1-20260614T171204Z,0.5277777777777778,0.47618680270034686,0.5787821941391702,3,360,0.0,True,HOLD/DISCLOSE if passive morphology is learned; otherwise DROP.,,
passive_voice,passive_voice_deconfounded,deconfounded,anthropic,claude-opus-4-8,full,results/cross_family/claude-deconfounded-step1-20260614T171204Z.jsonl,1.0,0.9894419431113063,0.9999999999999999,3,360,0.0,True,HOLD/DISCLOSE if passive morphology is learned; otherwise DROP.,,
passive_voice,passive_voice_deconfounded,deconfounded,deepseek,deepseek-v4-flash,confirmation,results/deconfound-sweep/step1-confirmation-deepseek-v4-flash-20260614T165115Z,0.88,0.84,0.9166666666666666,3,300,0.0,True,HOLD/DISCLOSE if passive morphology is learned; otherwise DROP.,,
passive_voice,passive_voice_deconfounded,deconfounded,deepseek,deepseek-v4-flash,full,results/deconfound-sweep/step1-full-deepseek-v4-flash-20260614T164416Z,0.8805555555555555,0.8471527777777779,0.9138888888888889,3,360,0.0,True,HOLD/DISCLOSE if passive morphology is learned; otherwise DROP.,,
passive_voice,passive_voice_deconfounded,deconfounded,deepseek,deepseek-v4-flash,rule_given,results/deconfound-sweep/step1-rule_given-deepseek-v4-flash-20260614T165820Z,1.0,,,1,120,0.0,True,HOLD/DISCLOSE if passive morphology is learned; otherwise DROP.,,
passive_voice,passive_voice_deconfounded,deconfounded,openai,gpt-4.1,confirmation,results/deconfound-sweep/step1-confirmation-gpt-4.1-20260614T165115Z,0.91,0.8766666666666666,0.9433333333333334,3,300,0.0,True,HOLD/DISCLOSE if passive morphology is learned; otherwise DROP.,-0.08666666666666667,MODERATE_DROP
passive_voice,passive_voice_deconfounded,deconfounded,openai,gpt-4.1,full,results/deconfound-sweep/step1-full-gpt-4.1-20260614T164416Z,0.8888888888888888,0.8527777777777777,0.9222222222222222,3,360,0.0,True,HOLD/DISCLOSE if passive morphology is learned; otherwise DROP.,-0.09722222222222221,MODERATE_DROP
passive_voice,passive_voice_deconfounded,deconfounded,openai,gpt-4.1,rule_given,results/deconfound-sweep/step1-rule_given-gpt-4.1-20260614T165820Z,0.9916666666666667,,,1,120,0.0,True,HOLD/DISCLOSE if passive morphology is learned; otherwise DROP.,-0.008333333333333304,HOLD
passive_voice,passive_voice,original,openai,gpt-4.1,confirmation,results/step1-confirmation-gpt-4.1-20260611T003204Z,0.9966666666666667,0.9899999999999999,1.0,3,300,0.0,True,HOLD/DISCLOSE if passive morphology is learned; otherwise DROP.,,
passive_voice,passive_voice,original,openai,gpt-4.1,full,results/step1-full-gpt-4.1-20260611T000748Z,0.986111111111111,0.9722222222222223,0.9972222222222222,3,360,0.0,True,HOLD/DISCLOSE if passive morphology is learned; otherwise DROP.,,
passive_voice,passive_voice,original,openai,gpt-4.1,rule_given,results/step1-rule_given-gpt-4.1-20260611T002539Z,1.0,,,1,120,0.0,True,HOLD/DISCLOSE if passive morphology is learned; otherwise DROP.,,
passive_voice,passive_voice_deconfounded,deconfounded,openai,gpt-4.1-mini,confirmation,results/deconfound-sweep/step1-confirmation-gpt-4.1-mini-20260614T165115Z,0.8233333333333334,0.7566666666666667,0.8833333333333333,3,300,0.0,True,HOLD/DISCLOSE if passive morphology is learned; otherwise DROP.,-0.1166666666666667,MODERATE_DROP
passive_voice,passive_voice_deconfounded,deconfounded,openai,gpt-4.1-mini,full,results/deconfound-sweep/step1-full-gpt-4.1-mini-20260614T164416Z,0.8250000000000001,0.7666666666666666,0.8805555555555555,3,360,0.0,True,HOLD/DISCLOSE if passive morphology is learned; otherwise DROP.,-0.09166666666666656,MODERATE_DROP
passive_voice,passive_voice_deconfounded,deconfounded,openai,gpt-4.1-mini,rule_given,results/deconfound-sweep/step1-rule_given-gpt-4.1-mini-20260614T165819Z,0.95,,,1,120,0.0,True,HOLD/DISCLOSE if passive morphology is learned; otherwise DROP.,-0.04166666666666674,HOLD
passive_voice,passive_voice,original,openai,gpt-4.1-mini,confirmation,results/step1-confirmation-gpt-4.1-mini-20260611T003508Z,0.9400000000000001,0.91,0.9666666666666667,3,300,0.0,True,HOLD/DISCLOSE if passive morphology is learned; otherwise DROP.,,
passive_voice,passive_voice,original,openai,gpt-4.1-mini,full,results/step1-full-gpt-4.1-mini-20260611T001640Z,0.9166666666666666,0.8861111111111111,0.9444444444444445,3,360,0.0,True,HOLD/DISCLOSE if passive morphology is learned; otherwise DROP.,,
passive_voice,passive_voice,original,openai,gpt-4.1-mini,rule_given,results/step1-rule_given-gpt-4.1-mini-20260611T002808Z,0.9916666666666667,,,1,120,0.0,True,HOLD/DISCLOSE if passive morphology is learned; otherwise DROP.,,
positive_sentiment,positive_sentiment_deconfounded,deconfounded,open_weights,Qwen2.5-7B-Instruct,full,results/deconfound-sweep/qwen-step1-20260614T171204Z,0.9916666666666667,0.9757892964950321,0.9971619475644193,3,360,0.0,True,DROP likely if sentiment words were memorized; HOLD if polarity abstraction survives.,0.033333333333333326,HOLD
positive_sentiment,positive_sentiment,original,open_weights,Qwen2.5-7B-Instruct,full,results,0.9583333333333334,0.9323990572519006,0.9745893906001303,3,360,0.0,True,DROP likely if sentiment words were memorized; HOLD if polarity abstraction survives.,,
positive_sentiment,positive_sentiment_deconfounded,deconfounded,anthropic,claude-opus-4-8,full,results/cross_family/claude-deconfounded-step1-20260614T171204Z.jsonl,1.0,0.9894419431113063,0.9999999999999999,3,360,0.0,True,DROP likely if sentiment words were memorized; HOLD if polarity abstraction survives.,,
positive_sentiment,positive_sentiment_deconfounded,deconfounded,deepseek,deepseek-v4-flash,confirmation,results/deconfound-sweep/step1-confirmation-deepseek-v4-flash-20260614T165115Z,0.9166666666666666,0.8833333333333333,0.9466666666666667,3,300,0.0,True,DROP likely if sentiment words were memorized; HOLD if polarity abstraction survives.,,
positive_sentiment,positive_sentiment_deconfounded,deconfounded,deepseek,deepseek-v4-flash,full,results/deconfound-sweep/step1-full-deepseek-v4-flash-20260614T164416Z,0.9083333333333333,0.8694444444444445,0.9444444444444443,3,360,0.0,True,DROP likely if sentiment words were memorized; HOLD if polarity abstraction survives.,,
positive_sentiment,positive_sentiment_deconfounded,deconfounded,deepseek,deepseek-v4-flash,rule_given,results/deconfound-sweep/step1-rule_given-deepseek-v4-flash-20260614T165820Z,1.0,,,1,120,0.0,True,DROP likely if sentiment words were memorized; HOLD if polarity abstraction survives.,,
positive_sentiment,positive_sentiment_deconfounded,deconfounded,openai,gpt-4.1,confirmation,results/deconfound-sweep/step1-confirmation-gpt-4.1-20260614T165115Z,1.0,1.0,1.0,3,300,0.0,True,DROP likely if sentiment words were memorized; HOLD if polarity abstraction survives.,0.00666666666666671,HOLD
positive_sentiment,positive_sentiment_deconfounded,deconfounded,openai,gpt-4.1,full,results/deconfound-sweep/step1-full-gpt-4.1-20260614T164416Z,1.0,1.0,1.0,3,360,0.0,True,DROP likely if sentiment words were memorized; HOLD if polarity abstraction survives.,0.008333333333333304,HOLD
positive_sentiment,positive_sentiment_deconfounded,deconfounded,openai,gpt-4.1,rule_given,results/deconfound-sweep/step1-rule_given-gpt-4.1-20260614T165820Z,1.0,,,1,120,0.0,True,DROP likely if sentiment words were memorized; HOLD if polarity abstraction survives.,0.0,HOLD
positive_sentiment,positive_sentiment,original,openai,gpt-4.1,confirmation,results/step1-confirmation-gpt-4.1-20260611T003204Z,0.9933333333333333,0.98,1.0,3,300,0.0,True,DROP likely if sentiment words were memorized; HOLD if polarity abstraction survives.,,
positive_sentiment,positive_sentiment,original,openai,gpt-4.1,full,results/step1-full-gpt-4.1-20260611T000748Z,0.9916666666666667,0.975,1.0,3,360,0.0,True,DROP likely if sentiment words were memorized; HOLD if polarity abstraction survives.,,
positive_sentiment,positive_sentiment,original,openai,gpt-4.1,rule_given,results/step1-rule_given-gpt-4.1-20260611T002539Z,1.0,,,1,120,0.0,True,DROP likely if sentiment words were memorized; HOLD if polarity abstraction survives.,,
positive_sentiment,positive_sentiment_deconfounded,deconfounded,openai,gpt-4.1-mini,confirmation,results/deconfound-sweep/step1-confirmation-gpt-4.1-mini-20260614T165115Z,0.9966666666666667,0.9899999999999999,1.0,3,300,0.0,True,DROP likely if sentiment words were memorized; HOLD if polarity abstraction survives.,-0.0033333333333332993,HOLD
positive_sentiment,positive_sentiment_deconfounded,deconfounded,openai,gpt-4.1-mini,full,results/deconfound-sweep/step1-full-gpt-4.1-mini-20260614T164416Z,0.9888888888888889,0.9777777777777779,0.9972222222222222,3,360,0.0,True,DROP likely if sentiment words were memorized; HOLD if polarity abstraction survives.,-0.008333333333333304,HOLD
positive_sentiment,positive_sentiment_deconfounded,deconfounded,openai,gpt-4.1-mini,rule_given,results/deconfound-sweep/step1-rule_given-gpt-4.1-mini-20260614T165819Z,1.0,,,1,120,0.0,True,DROP likely if sentiment words were memorized; HOLD if polarity abstraction survives.,0.0,HOLD
positive_sentiment,positive_sentiment,original,openai,gpt-4.1-mini,confirmation,results/step1-confirmation-gpt-4.1-mini-20260611T003508Z,1.0,1.0,1.0,3,300,0.0,True,DROP likely if sentiment words were memorized; HOLD if polarity abstraction survives.,,
positive_sentiment,positive_sentiment,original,openai,gpt-4.1-mini,full,results/step1-full-gpt-4.1-mini-20260611T001640Z,0.9972222222222222,0.9916666666666667,1.0,3,360,0.0,True,DROP likely if sentiment words were memorized; HOLD if polarity abstraction survives.,,
positive_sentiment,positive_sentiment,original,openai,gpt-4.1-mini,rule_given,results/step1-rule_given-gpt-4.1-mini-20260611T002808Z,1.0,,,1,120,0.0,True,DROP likely if sentiment words were memorized; HOLD if polarity abstraction survives.,,
second_word_capitalized,second_word_capitalized_deconfounded,deconfounded,open_weights,Qwen2.5-7B-Instruct,full,results/deconfound-sweep/qwen-step1-20260614T171204Z,0.5055555555555555,0.4541238347887044,0.5568699645791991,3,360,0.0,True,DROP relative to original proper-token proxy.,-0.06944444444444453,MODERATE_DROP
second_word_capitalized,second_word_capitalized,original,open_weights,Qwen2.5-7B-Instruct,full,results,0.5750000000000001,0.5234070415587919,0.6250092499079039,3,360,0.0,True,DROP relative to original proper-token proxy.,,
second_word_capitalized,second_word_capitalized_deconfounded,deconfounded,anthropic,claude-opus-4-8,full,results/cross_family/claude-deconfounded-step1-20260614T171204Z.jsonl,0.9831460674157303,0.9637231765785775,0.9922533835637383,3,360,0.011111111111111112,True,DROP relative to original proper-token proxy.,-0.016853932584269704,HOLD
second_word_capitalized,second_word_capitalized,original,anthropic,claude-opus-4-8,full,results/figures/cross_family.json,1.0,0.9894419431113063,0.9999999999999999,3,360,0.0,True,DROP relative to original proper-token proxy.,,
second_word_capitalized,second_word_capitalized_deconfounded,deconfounded,deepseek,deepseek-v4-flash,confirmation,results/deconfound-sweep/step1-confirmation-deepseek-v4-flash-20260614T165115Z,0.59,0.53,0.6466666666666666,3,300,0.0,True,DROP relative to original proper-token proxy.,,
second_word_capitalized,second_word_capitalized_deconfounded,deconfounded,deepseek,deepseek-v4-flash,full,results/deconfound-sweep/step1-full-deepseek-v4-flash-20260614T164416Z,0.6111111111111112,0.5527777777777777,0.6694444444444446,3,360,0.0,True,DROP relative to original proper-token proxy.,,
second_word_capitalized,second_word_capitalized_deconfounded,deconfounded,deepseek,deepseek-v4-flash,rule_given,results/deconfound-sweep/step1-rule_given-deepseek-v4-flash-20260614T165820Z,0.925,,,1,120,0.0,True,DROP relative to original proper-token proxy.,,
second_word_capitalized,second_word_capitalized_deconfounded,deconfounded,openai,gpt-4.1,confirmation,results/deconfound-sweep/step1-confirmation-gpt-4.1-20260614T165115Z,0.5866666666666667,0.5366666666666666,0.6366666666666667,3,300,0.0,True,DROP relative to original proper-token proxy.,-0.38,DROP
second_word_capitalized,second_word_capitalized_deconfounded,deconfounded,openai,gpt-4.1,full,results/deconfound-sweep/step1-full-gpt-4.1-20260614T164416Z,0.5611111111111111,0.5111111111111111,0.6111111111111112,3,360,0.0,True,DROP relative to original proper-token proxy.,-0.4111111111111111,DROP
second_word_capitalized,second_word_capitalized_deconfounded,deconfounded,openai,gpt-4.1,rule_given,results/deconfound-sweep/step1-rule_given-gpt-4.1-20260614T165820Z,0.9416666666666667,,,1,120,0.0,True,DROP relative to original proper-token proxy.,0.125,GAIN
second_word_capitalized,second_word_capitalized,original,openai,gpt-4.1,confirmation,results/step1-confirmation-gpt-4.1-20260611T003204Z,0.9666666666666667,0.9433333333333334,0.9866666666666667,3,300,0.0,True,DROP relative to original proper-token proxy.,,
second_word_capitalized,second_word_capitalized,original,openai,gpt-4.1,full,results/step1-full-gpt-4.1-20260611T000748Z,0.9722222222222222,0.9555555555555556,0.9861111111111112,3,360,0.0,True,DROP relative to original proper-token proxy.,,
second_word_capitalized,second_word_capitalized,original,openai,gpt-4.1,rule_given,results/step1-rule_given-gpt-4.1-20260611T002539Z,0.8166666666666667,,,1,120,0.0,True,DROP relative to original proper-token proxy.,,
second_word_capitalized,second_word_capitalized_deconfounded,deconfounded,openai,gpt-4.1-mini,confirmation,results/deconfound-sweep/step1-confirmation-gpt-4.1-mini-20260614T165115Z,0.59,0.5333333333333333,0.6466666666666666,3,300,0.0,True,DROP relative to original proper-token proxy.,-0.2266666666666668,DROP
second_word_capitalized,second_word_capitalized_deconfounded,deconfounded,openai,gpt-4.1-mini,full,results/deconfound-sweep/step1-full-gpt-4.1-mini-20260614T164416Z,0.5694444444444445,0.5166666666666666,0.6222222222222222,3,360,0.0,True,DROP relative to original proper-token proxy.,-0.2416666666666667,DROP
second_word_capitalized,second_word_capitalized_deconfounded,deconfounded,openai,gpt-4.1-mini,rule_given,results/deconfound-sweep/step1-rule_given-gpt-4.1-mini-20260614T165819Z,0.9833333333333333,,,1,120,0.0,True,DROP relative to original proper-token proxy.,0.19999999999999996,GAIN
second_word_capitalized,second_word_capitalized,original,openai,gpt-4.1-mini,confirmation,results/step1-confirmation-gpt-4.1-mini-20260611T003508Z,0.8166666666666668,0.7733333333333334,0.86,3,300,0.0,True,DROP relative to original proper-token proxy.,,
second_word_capitalized,second_word_capitalized,original,openai,gpt-4.1-mini,full,results/step1-full-gpt-4.1-mini-20260611T001640Z,0.8111111111111112,0.7749999999999999,0.8472222222222223,3,360,0.0,True,DROP relative to original proper-token proxy.,,
second_word_capitalized,second_word_capitalized,original,openai,gpt-4.1-mini,rule_given,results/step1-rule_given-gpt-4.1-mini-20260611T002808Z,0.7833333333333333,,,1,120,0.0,True,DROP relative to original proper-token proxy.,,
starts_with_vowel,starts_with_vowel_deconfounded,deconfounded,open_weights,Qwen2.5-7B-Instruct,full,results/deconfound-sweep/qwen-step1-20260614T171204Z,0.47500000000000003,0.42395133009986397,0.5265765727445707,3,360,0.0,True,HOLD if character rule is learned; intrinsic first-letter residual disclosed.,,
starts_with_vowel,starts_with_vowel_deconfounded,deconfounded,anthropic,claude-opus-4-8,full,results/cross_family/claude-deconfounded-step1-20260614T171204Z.jsonl,0.512396694214876,0.44972038602458886,0.5746855869499536,3,360,0.3277777777777778,True,HOLD if character rule is learned; intrinsic first-letter residual disclosed.,,
starts_with_vowel,starts_with_vowel_deconfounded,deconfounded,deepseek,deepseek-v4-flash,confirmation,results/deconfound-sweep/step1-confirmation-deepseek-v4-flash-20260614T165115Z,0.5766666666666667,0.5066666666666667,0.6466666666666666,3,300,0.0,True,HOLD if character rule is learned; intrinsic first-letter residual disclosed.,,
starts_with_vowel,starts_with_vowel_deconfounded,deconfounded,deepseek,deepseek-v4-flash,full,results/deconfound-sweep/step1-full-deepseek-v4-flash-20260614T164416Z,0.513888888888889,0.4583333333333333,0.5666666666666668,3,360,0.0,True,HOLD if character rule is learned; intrinsic first-letter residual disclosed.,,
starts_with_vowel,starts_with_vowel_deconfounded,deconfounded,deepseek,deepseek-v4-flash,rule_given,results/deconfound-sweep/step1-rule_given-deepseek-v4-flash-20260614T165820Z,0.9083333333333333,,,1,120,0.0,True,HOLD if character rule is learned; intrinsic first-letter residual disclosed.,,
starts_with_vowel,starts_with_vowel_deconfounded,deconfounded,openai,gpt-4.1,confirmation,results/deconfound-sweep/step1-confirmation-gpt-4.1-20260614T165115Z,0.5333333333333333,0.4633333333333333,0.6033333333333334,3,300,0.0,True,HOLD if character rule is learned; intrinsic first-letter residual disclosed.,,
starts_with_vowel,starts_with_vowel_deconfounded,deconfounded,openai,gpt-4.1,full,results/deconfound-sweep/step1-full-gpt-4.1-20260614T164416Z,0.49444444444444446,0.4305555555555555,0.5584027777777769,3,360,0.0,True,HOLD if character rule is learned; intrinsic first-letter residual disclosed.,-0.30555555555555547,DROP
starts_with_vowel,starts_with_vowel_deconfounded,deconfounded,openai,gpt-4.1,rule_given,results/deconfound-sweep/step1-rule_given-gpt-4.1-20260614T165820Z,0.9333333333333333,,,1,120,0.0,True,HOLD if character rule is learned; intrinsic first-letter residual disclosed.,-0.033333333333333326,HOLD
starts_with_vowel,starts_with_vowel,original,openai,gpt-4.1,full,results/step1-full-gpt-4.1-20260611T000748Z,0.7999999999999999,0.7555555555555555,0.8416666666666668,3,360,0.0,True,HOLD if character rule is learned; intrinsic first-letter residual disclosed.,,
starts_with_vowel,starts_with_vowel,original,openai,gpt-4.1,rule_given,results/step1-rule_given-gpt-4.1-20260611T002539Z,0.9666666666666667,,,1,120,0.0,True,HOLD if character rule is learned; intrinsic first-letter residual disclosed.,,
starts_with_vowel,starts_with_vowel_deconfounded,deconfounded,openai,gpt-4.1-mini,confirmation,results/deconfound-sweep/step1-confirmation-gpt-4.1-mini-20260614T165115Z,0.48,0.41333333333333333,0.5433333333333333,3,300,0.0,True,HOLD if character rule is learned; intrinsic first-letter residual disclosed.,,
starts_with_vowel,starts_with_vowel_deconfounded,deconfounded,openai,gpt-4.1-mini,full,results/deconfound-sweep/step1-full-gpt-4.1-mini-20260614T164416Z,0.47222222222222215,0.4138888888888889,0.5277777777777777,3,360,0.0,True,HOLD if character rule is learned; intrinsic first-letter residual disclosed.,-0.2472222222222223,DROP
starts_with_vowel,starts_with_vowel_deconfounded,deconfounded,openai,gpt-4.1-mini,rule_given,results/deconfound-sweep/step1-rule_given-gpt-4.1-mini-20260614T165819Z,0.9416666666666667,,,1,120,0.0,True,HOLD if character rule is learned; intrinsic first-letter residual disclosed.,-0.025000000000000022,HOLD
starts_with_vowel,starts_with_vowel,original,openai,gpt-4.1-mini,full,results/step1-full-gpt-4.1-mini-20260611T001640Z,0.7194444444444444,0.6722222222222222,0.763888888888889,3,360,0.0,True,HOLD if character rule is learned; intrinsic first-letter residual disclosed.,,
starts_with_vowel,starts_with_vowel,original,openai,gpt-4.1-mini,rule_given,results/step1-rule_given-gpt-4.1-mini-20260611T002808Z,0.9666666666666667,,,1,120,0.0,True,HOLD if character rule is learned; intrinsic first-letter residual disclosed.,,
the_appears_twice,the_appears_twice_deconfounded,deconfounded,open_weights,Qwen2.5-7B-Instruct,full,results/deconfound-sweep/qwen-step1-20260614T171204Z,0.5,0.4486237971218836,0.5513762028781164,3,360,0.0,True,HOLD likely; token-count residual is rule-proximal.,,
the_appears_twice,the_appears_twice_deconfounded,deconfounded,anthropic,claude-opus-4-8,full,results/cross_family/claude-deconfounded-step1-20260614T171204Z.jsonl,0.5236768802228412,0.4720363609885479,0.5748160578481896,3,360,0.002777777777777778,True,HOLD likely; token-count residual is rule-proximal.,,
the_appears_twice,the_appears_twice_deconfounded,deconfounded,deepseek,deepseek-v4-flash,confirmation,results/deconfound-sweep/step1-confirmation-deepseek-v4-flash-20260614T165115Z,0.5533333333333333,0.47333333333333333,0.6333333333333333,3,300,0.0,True,HOLD likely; token-count residual is rule-proximal.,,
the_appears_twice,the_appears_twice_deconfounded,deconfounded,deepseek,deepseek-v4-flash,full,results/deconfound-sweep/step1-full-deepseek-v4-flash-20260614T164416Z,0.5666666666666667,0.49722222222222223,0.6333333333333334,3,360,0.0,True,HOLD likely; token-count residual is rule-proximal.,,
the_appears_twice,the_appears_twice_deconfounded,deconfounded,deepseek,deepseek-v4-flash,rule_given,results/deconfound-sweep/step1-rule_given-deepseek-v4-flash-20260614T165820Z,0.9416666666666667,,,1,120,0.0,True,HOLD likely; token-count residual is rule-proximal.,,
the_appears_twice,the_appears_twice_deconfounded,deconfounded,openai,gpt-4.1,confirmation,results/deconfound-sweep/step1-confirmation-gpt-4.1-20260614T165115Z,0.56,0.49666666666666665,0.6233333333333334,3,300,0.0,True,HOLD likely; token-count residual is rule-proximal.,,
the_appears_twice,the_appears_twice_deconfounded,deconfounded,openai,gpt-4.1,full,results/deconfound-sweep/step1-full-gpt-4.1-20260614T164416Z,0.5138888888888888,0.4611111111111111,0.5666666666666665,3,360,0.0,True,HOLD likely; token-count residual is rule-proximal.,-0.04444444444444451,HOLD
the_appears_twice,the_appears_twice_deconfounded,deconfounded,openai,gpt-4.1,rule_given,results/deconfound-sweep/step1-rule_given-gpt-4.1-20260614T165820Z,0.8333333333333334,,,1,120,0.0,True,HOLD likely; token-count residual is rule-proximal.,-0.04166666666666663,HOLD
the_appears_twice,the_appears_twice,original,openai,gpt-4.1,full,results/step1-full-gpt-4.1-20260611T000748Z,0.5583333333333333,0.49722222222222223,0.6194444444444445,3,360,0.0,True,HOLD likely; token-count residual is rule-proximal.,,
the_appears_twice,the_appears_twice,original,openai,gpt-4.1,rule_given,results/step1-rule_given-gpt-4.1-20260611T002539Z,0.875,,,1,120,0.0,True,HOLD likely; token-count residual is rule-proximal.,,
the_appears_twice,the_appears_twice_deconfounded,deconfounded,openai,gpt-4.1-mini,confirmation,results/deconfound-sweep/step1-confirmation-gpt-4.1-mini-20260614T165115Z,0.5533333333333333,0.48,0.6266666666666666,3,300,0.0,True,HOLD likely; token-count residual is rule-proximal.,,
the_appears_twice,the_appears_twice_deconfounded,deconfounded,openai,gpt-4.1-mini,full,results/deconfound-sweep/step1-full-gpt-4.1-mini-20260614T164416Z,0.5333333333333333,0.4666666666666666,0.5972916666666658,3,360,0.0,True,HOLD likely; token-count residual is rule-proximal.,-0.047222222222222276,HOLD
the_appears_twice,the_appears_twice_deconfounded,deconfounded,openai,gpt-4.1-mini,rule_given,results/deconfound-sweep/step1-rule_given-gpt-4.1-mini-20260614T165819Z,0.6583333333333333,,,1,120,0.0,True,HOLD likely; token-count residual is rule-proximal.,0.008333333333333304,HOLD
the_appears_twice,the_appears_twice,original,openai,gpt-4.1-mini,full,results/step1-full-gpt-4.1-mini-20260611T001640Z,0.5805555555555556,0.5166666666666666,0.6416666666666667,3,360,0.0,True,HOLD likely; token-count residual is rule-proximal.,,
the_appears_twice,the_appears_twice,original,openai,gpt-4.1-mini,rule_given,results/step1-rule_given-gpt-4.1-mini-20260611T002808Z,0.65,,,1,120,0.0,True,HOLD likely; token-count residual is rule-proximal.,,
word_count_geq_8,word_count_geq_8_deconfounded,deconfounded,open_weights,Qwen2.5-7B-Instruct,full,results/deconfound-sweep/qwen-step1-20260614T171204Z,0.6833333333333332,0.6335605396161392,0.7292348395246733,3,360,0.0,True,HOLD/moderate because word-count threshold is directly learnable.,0.061111111111111005,GAIN
word_count_geq_8,word_count_geq_8,original,open_weights,Qwen2.5-7B-Instruct,full,results,0.6222222222222222,0.5710974644349645,0.6707661216589105,3,360,0.0,True,HOLD/moderate because word-count threshold is directly learnable.,,
word_count_geq_8,word_count_geq_8_deconfounded,deconfounded,anthropic,claude-opus-4-8,full,results/cross_family/claude-deconfounded-step1-20260614T171204Z.jsonl,0.8089887640449438,0.7649408225377577,0.8464395356927931,3,360,0.011111111111111112,True,HOLD/moderate because word-count threshold is directly learnable.,-0.18541123595505615,DROP
word_count_geq_8,word_count_geq_8,original,anthropic,claude-opus-4-8,full,results/figures/cross_family.json,0.9944,0.9799730019093272,0.9984751418340759,3,360,0.0,True,HOLD/moderate because word-count threshold is directly learnable.,,
word_count_geq_8,word_count_geq_8_deconfounded,deconfounded,deepseek,deepseek-v4-flash,confirmation,results/deconfound-sweep/step1-confirmation-deepseek-v4-flash-20260614T165115Z,0.8000000000000002,0.7333333333333334,0.86,3,300,0.0,True,HOLD/moderate because word-count threshold is directly learnable.,,
word_count_geq_8,word_count_geq_8_deconfounded,deconfounded,deepseek,deepseek-v4-flash,full,results/deconfound-sweep/step1-full-deepseek-v4-flash-20260614T164416Z,0.7944444444444444,0.7305555555555556,0.8555555555555555,3,360,0.0,True,HOLD/moderate because word-count threshold is directly learnable.,,
word_count_geq_8,word_count_geq_8_deconfounded,deconfounded,deepseek,deepseek-v4-flash,rule_given,results/deconfound-sweep/step1-rule_given-deepseek-v4-flash-20260614T165820Z,0.7083333333333334,,,1,120,0.0,True,HOLD/moderate because word-count threshold is directly learnable.,,
word_count_geq_8,word_count_geq_8_deconfounded,deconfounded,openai,gpt-4.1,confirmation,results/deconfound-sweep/step1-confirmation-gpt-4.1-20260614T165115Z,0.7933333333333333,0.7266666666666667,0.8566666666666666,3,300,0.0,True,HOLD/moderate because word-count threshold is directly learnable.,-0.1266666666666666,MODERATE_DROP
word_count_geq_8,word_count_geq_8_deconfounded,deconfounded,openai,gpt-4.1,full,results/deconfound-sweep/step1-full-gpt-4.1-20260614T164416Z,0.7805555555555556,0.7166666666666667,0.8388888888888889,3,360,0.0,True,HOLD/moderate because word-count threshold is directly learnable.,-0.13888888888888884,MODERATE_DROP
word_count_geq_8,word_count_geq_8_deconfounded,deconfounded,openai,gpt-4.1,rule_given,results/deconfound-sweep/step1-rule_given-gpt-4.1-20260614T165820Z,0.6083333333333333,,,1,120,0.0,True,HOLD/moderate because word-count threshold is directly learnable.,0.033333333333333326,HOLD
word_count_geq_8,word_count_geq_8,original,openai,gpt-4.1,confirmation,results/step1-confirmation-gpt-4.1-20260611T003204Z,0.9199999999999999,0.8833333333333333,0.9533333333333333,3,300,0.0,True,HOLD/moderate because word-count threshold is directly learnable.,,
word_count_geq_8,word_count_geq_8,original,openai,gpt-4.1,full,results/step1-full-gpt-4.1-20260611T000748Z,0.9194444444444444,0.8861111111111111,0.9500000000000001,3,360,0.0,True,HOLD/moderate because word-count threshold is directly learnable.,,
word_count_geq_8,word_count_geq_8,original,openai,gpt-4.1,pilot,results/step1-pilot-gpt-4.1-20260611T000121Z,0.9,,,1,40,0.0,True,HOLD/moderate because word-count threshold is directly learnable.,,
word_count_geq_8,word_count_geq_8,original,openai,gpt-4.1,rule_given,results/step1-rule_given-gpt-4.1-20260611T002539Z,0.575,,,1,120,0.0,True,HOLD/moderate because word-count threshold is directly learnable.,,
word_count_geq_8,word_count_geq_8_deconfounded,deconfounded,openai,gpt-4.1-mini,confirmation,results/deconfound-sweep/step1-confirmation-gpt-4.1-mini-20260614T165115Z,0.6533333333333333,0.5933333333333334,0.7133333333333333,3,300,0.0,True,HOLD/moderate because word-count threshold is directly learnable.,-0.043333333333333335,HOLD
word_count_geq_8,word_count_geq_8_deconfounded,deconfounded,openai,gpt-4.1-mini,full,results/deconfound-sweep/step1-full-gpt-4.1-mini-20260614T164416Z,0.7055555555555556,0.65,0.7583333333333334,3,360,0.0,True,HOLD/moderate because word-count threshold is directly learnable.,-0.01388888888888884,HOLD
word_count_geq_8,word_count_geq_8_deconfounded,deconfounded,openai,gpt-4.1-mini,rule_given,results/deconfound-sweep/step1-rule_given-gpt-4.1-mini-20260614T165819Z,0.55,,,1,120,0.0,True,HOLD/moderate because word-count threshold is directly learnable.,0.01666666666666672,HOLD
word_count_geq_8,word_count_geq_8,original,openai,gpt-4.1-mini,confirmation,results/step1-confirmation-gpt-4.1-mini-20260611T003508Z,0.6966666666666667,0.6366666666666667,0.7533333333333333,3,300,0.0,True,HOLD/moderate because word-count threshold is directly learnable.,,
word_count_geq_8,word_count_geq_8,original,openai,gpt-4.1-mini,full,results/step1-full-gpt-4.1-mini-20260611T001640Z,0.7194444444444444,0.6583333333333333,0.775,3,360,0.0,True,HOLD/moderate because word-count threshold is directly learnable.,,
word_count_geq_8,word_count_geq_8,original,openai,gpt-4.1-mini,pilot,results/step1-pilot-gpt-4.1-mini-20260611T000601Z,0.725,,,1,40,0.0,True,HOLD/moderate because word-count threshold is directly learnable.,,
word_count_geq_8,word_count_geq_8,original,openai,gpt-4.1-mini,rule_given,results/step1-rule_given-gpt-4.1-mini-20260611T002808Z,0.5333333333333333,,,1,120,0.0,True,HOLD/moderate because word-count threshold is directly learnable.,,
